# Won Deals,Account ID,Account Name,Account Source,Account Type,Annual Revenue,Average Age,Average Deal Size,Billing Country,Billing State/Province,Created Date,Customer Priority,Days Since First Deal Close,Days Since Most Recent Deal Close,Employees,First Deal Date,Industry,Number of Locations,Owner ID,Product Rank,Top Product Family,Top Product Name,Top Product Total Price,Total Revenue
1,0015e000005ELNLAA4,Morton128 Inc,Web,Customer,1000000,1628.0,1415700,Japan,,2019-05-06T17:23:31.000Z,,-1378,-1378,5000,2021-10-20,Transportation,0,0055e000002OgRdAAK,1,Laptops,Notebook,1415700,1415700
1,0015e000005ELNPAA4,Cobb132 Inc,Employee Referral,Customer,1000000,1455.0,1411200,Taiwan,,2019-05-06T17:23:31.000Z,,-1205,-1205,5000,2021-04-30,Apparel,0,0055e000002OgRmAAK,1,Laptops,Mega laptop,1411200,1411200
1,0015e000005ELNTAA4,Thompson136 Inc,Web,Customer,1000000,1332.0,3428800,Thailand,,2019-05-06T17:23:31.000Z,,-1082,-1082,5000,2020-12-28,Energy,0,0055e000002OgRtAAK,1,Laptops,Light laptop,1726250,3428800
1,0015e000005ELNUAA4,Ramirez137 Inc,Employee Referral,Customer,1000000,1635.0,1817900,Japan,,2019-05-06T17:23:31.000Z,,-1385,-1385,5000,2021-10-27,Electronics,0,0055e000002OgRmAAK,1,Laptops,Light laptop,1307500,1817900
1,0015e000005ELNbAAO,Quinn144 Inc,Employee Referral,Customer,1000000,1515.0,3251640,Brazil,,2019-05-06T17:23:31.000Z,,-1265,-1265,5000,2021-06-29,Engineering,0,0055e000002OgRtAAK,1,Laptops,Mega laptop,2430400,3251640
2,0015e000005ELNZAA4,Underwood142 Inc,Advertisement,Customer,1000000,1411.5,3811700,Canada,NJ,2019-05-06T17:23:31.000Z,,-1065,-1258,5000,2020-12-11,Energy,0,0055e000002OgRiAAK,1,Laptops,Mega laptop,2811200,7623400
1,0015e000005ELNcAAO,Newman145 Inc,Employee Referral,Customer,1000000,1415.0,131750,Canada,MS,2019-05-06T17:23:31.000Z,,-1165,-1165,5000,2021-03-21,Insurance,0,0055e000002OgReAAK,1,Tablets,Light tablet 2,131750,131750
1,0015e000005ELNdAAO,Knight146 Inc,Employee Referral,Customer,1000000,1621.0,69240,USA,CT,2019-05-06T17:23:31.000Z,,-1371,-1371,5000,2021-10-13,Energy,0,0055e000002OgRiAAK,1,Digital Media,Books,69240,69240
1,0015e000005ELNeAAO,Graves147 Inc,Word of mouth,Customer,1000000,1497.0,269400,USA,CO,2019-05-06T17:23:31.000Z,,-1247,-1247,5000,2021-06-11,Biotechnology,0,0055e000002OgRrAAK,1,Digital Media,Courses,269400,269400
1,0015e000005ELNfAAO,Thomas148 Inc,Word of mouth,Customer,1000000,1240.0,1191000,Japan,,2019-05-06T17:23:31.000Z,,-990,-990,5000,2020-09-27,Biotechnology,0,0055e000002OgRsAAK,1,Phones,Space phone 3,733500,1191000
3,0015e000005ELNjAAO,Butler152 Inc,Advertisement,Partner,1000000,1483.67,2517177,Canada,HI,2019-05-06T17:23:31.000Z,,-1151,-1351,5000,2021-03-07,Electronics,0,0055e000002OgRpAAK,1,Laptops,Notebook,1527900,7551530
1,0015e000005ELNlAAO,Mann154 Inc,Trade Show,Customer,1000000,1307.0,3198400,Korea,,2019-05-06T17:23:31.000Z,,-1057,-1057,5000,2020-12-03,Apparel,0,0055e000002OgRcAAK,1,Laptops,Mega laptop,3198400,3198400
1,0015e000005ELNrAAO,Shaw160 Inc,Employee Referral,Customer,1000000,1484.0,466000,France,,2019-05-06T17:23:31.000Z,,-1234,-1234,5000,2021-05-29,Education,0,0055e000002OgReAAK,1,Digital Media,Certifications,306500,466000
1,0015e000005ELNsAAO,Dawson161 Inc,Partner,Customer,1000000,1543.0,3463920,India,,2019-05-06T17:23:31.000Z,,-1293,-1293,5000,2021-07-27,Education,0,0055e000002OgRhAAK,1,Laptops,Pro laptop,3427200,3463920
1,0015e000005ELNvAAO,Ross364 Inc,Public Relations,Customer,1000000,1519.0,390885,Normway,,2019-05-06T17:23:31.000Z,,-1269,-1269,5000,2021-07-03,Insurance,0,0055e000002OgRpAAK,1,Phones,Space phone 2,292275,390885
1,0015e000005ELNxAAO,Moreno366 Inc,Web,Customer,1000000,1423.0,1402500,Canada,NY,2019-05-06T17:23:31.000Z,,-1173,-1173,5000,2021-03-29,Technology,0,0055e000002OgReAAK,1,Laptops,Notebook,1402500,1402500
2,0015e000005ELO1AAO,Beck370 Inc,Advertisement,Customer,1000000,1454.0,729277,Hong Kong,,2019-05-06T17:23:31.000Z,,-1053,-1355,5000,2020-11-29,Finance,0,0055e000002OgRnAAK,1,Laptops,Pro laptop,1075200,1458554
2,0015e000005ELO9AAO,Armstrong378 Inc,Trade Show,Customer,1000000,1599.5,634310,Canada,NE,2019-05-06T17:23:31.000Z,,-1339,-1360,5000,2021-09-11,Insurance,0,0055e000002OgRpAAK,1,Tablets,Mini tablet 2,639500,1268620
3,0015e000005ELOAAA4,Banks379 Inc,Employee Referral,Partner,1000000,1387.0,1267743,Japan,,2019-05-06T17:23:31.000Z,,-996,-1255,5000,2020-10-03,Apparel,0,0055e000002OgRtAAK,1,Tablets,Light tablet 2,1052300,3803230
1,0015e000005ELOGAA4,Rivera385 Inc,Advertisement,Customer,1000000,1321.0,1452090,Japan,,2019-05-06T17:23:31.000Z,,-1071,-1071,5000,2020-12-17,Apparel,0,0055e000002OgRlAAK,1,Laptops,Light laptop,1350000,1452090
1,0015e000005ELOSAA4,Reed186 Inc,Web,Customer,1000000,1613.0,343000,Germany,,2019-05-06T17:23:31.000Z,,-1363,-1363,5000,2021-10-05,Retail,0,0055e000002OgRsAAK,1,Laptops,Pro laptop,256200,343000
1,0015e000005ELOVAA4,Webb165 Inc,Employee Referral,Customer,1000000,1481.0,503975,Canada,NE,2019-05-06T17:23:31.000Z,,-1231,-1231,5000,2021-05-26,Apparel,0,0055e000002OgRfAAK,1,Digital Media,Certifications,244000,503975
1,0015e000005ELOXAA4,Stone167 Inc,Word of mouth,Partner,1000000,1602.0,2169600,USA,CO,2019-05-06T17:23:31.000Z,,-1352,-1352,5000,2021-09-24,Energy,0,0055e000002OgRpAAK,1,Laptops,Mega laptop,2169600,2169600
1,0015e000005ELOaAAO,Coleman170 Inc,Partner,Customer,1000000,1362.0,3298750,Taiwan,,2019-05-06T17:23:31.000Z,,-1112,-1112,5000,2021-01-27,Banking,0,0055e000002OgRuAAK,1,Laptops,Pro laptop,1850800,3298750
1,0015e000005ELObAAO,Olson171 Inc,Word of mouth,Customer,1000000,1566.0,66246,United Kingdom,,2019-05-06T17:23:31.000Z,,-1316,-1316,5000,2021-08-19,Transportation,0,0055e000002OgRiAAK,0,,,0,66246
2,0015e000005ELOhAAO,Flores188 Inc,Employee Referral,Customer,1000000,1470.5,3670550,Canada,VA,2019-05-06T17:23:31.000Z,,-1215,-1226,5000,2021-05-10,Retail,0,0055e000002OgRkAAK,1,Laptops,Pro laptop,3740800,7341100
1,0015e000005ELOkAAO,Fleming389 Inc,Word of mouth,Customer,1000000,1427.0,236610,Switzerland,,2019-05-06T17:23:31.000Z,,-1177,-1177,5000,2021-04-02,Manufacturing,0,0055e000002OgRuAAK,1,Accessories,Keyboard,236610,236610
1,0015e000005ELOmAAO,Stephens391 Inc,Trade Show,Customer,1000000,1617.0,68600,Canada,MI,2019-05-06T17:23:31.000Z,,-1367,-1367,5000,2021-10-09,Insurance,0,0055e000002OgRhAAK,1,Accessories,Mouse,68600,68600
1,0015e000005ELOqAAO,Rivera395 Inc,Seminar - Internal,Customer,2000000,1606.0,448068,USA,ND,2019-05-06T17:23:31.000Z,,-1356,-1356,8000,2021-09-28,Engineering,0,0055e000002OgRnAAK,0,,,0,448068
1,0015e000005ELOuAAO,Pittman399 Inc,Employee Referral,Customer,2000000,1476.0,206000,USA,ME,2019-05-06T17:23:31.000Z,,-1226,-1226,8000,2021-05-21,Manufacturing,0,0055e000002OgRuAAK,1,Phones,Space phone 3,197000,206000
1,0015e000005ELOvAAO,Owens400 Inc,Advertisement,Customer,2000000,1570.0,219000,USA,IA,2019-05-06T17:23:31.000Z,,-1320,-1320,8000,2021-08-23,Telecommunications,0,0055e000002OgRiAAK,1,Phones,Space phone 3,219000,219000
1,0015e000005ELP1AAO,Gordon406 Inc,Advertisement,Customer,2000000,1551.0,323550,Denmark,,2019-05-06T17:23:31.000Z,,-1301,-1301,8000,2021-08-04,Engineering,0,0055e000002OgRnAAK,1,Phones,Space phone 2,323550,323550
1,0015e000005ELP3AAO,Myers408 Inc,Employee Referral,Partner,2000000,1441.0,902400,USA,MO,2019-05-06T17:23:31.000Z,,-1191,-1191,8000,2021-04-16,Technology,0,0055e000002OgRlAAK,1,Laptops,Mega laptop,902400,902400
2,0015e000005ELP4AAO,Gonzales409 Inc,Web,Customer,2000000,1405.5,1839663,Denmark,,2019-05-06T17:23:31.000Z,,-1030,-1281,8000,2020-11-06,Engineering,0,0055e000002OgRfAAK,1,Laptops,Notebook,2151600,3679325
2,0015e000005ELP5AAO,Myers581 Inc,Employee Referral,Customer,2000000,1458.0,1084782,Canada,FL,2019-05-06T17:23:31.000Z,,-1206,-1210,8000,2021-05-01,Consulting,0,0055e000002OgRtAAK,1,Tablets,Light tablet 2,1656650,2169564
2,0015e000005ELPDAA4,Jackson589 Inc,Trade Show,Customer,2000000,1418.5,2692860,Taiwan,,2019-05-06T17:23:31.000Z,,-1087,-1250,8000,2021-01-02,Consulting,0,0055e000002OgRlAAK,1,Laptops,Notebook,1980000,5385720
1,0015e000005ELPEAA4,Perez590 Inc,Trade Show,Customer,2000000,1456.0,82925,USA,MA,2019-05-06T17:23:31.000Z,,-1206,-1206,8000,2021-05-01,Retail,0,0055e000002OgRhAAK,1,Digital Media,Courses,67400,82925
1,0015e000005ELPHAA4,Yates593 Inc,Advertisement,Customer,2000000,1599.0,196890,Japan,,2019-05-06T17:23:31.000Z,,-1349,-1349,8000,2021-09-21,Engineering,0,0055e000002OgRiAAK,1,Accessories,Keyboard,129330,196890
1,0015e000005ELPJAA4,Mendez595 Inc,Public Relations,Partner,2000000,1330.0,3694000,USA,NM,2019-05-06T17:23:31.000Z,,-1080,-1080,8000,2020-12-26,Banking,0,0055e000002OgRqAAK,1,Laptops,Light laptop,2422500,3694000
1,0015e000005ELPMAA4,Black598 Inc,Partner,Partner,2000000,1298.0,256275,Japan,,2019-05-06T17:23:31.000Z,,-1048,-1048,8000,2020-11-24,Manufacturing,0,0055e000002OgRrAAK,1,Phones,Space phone 2,256275,256275
1,0015e000005ELPOAA4,Hopkins600 Inc,Advertisement,Partner,2000000,1638.0,123280,France,,2019-05-06T17:23:31.000Z,,-1388,-1388,8000,2021-10-30,Telecommunications,0,0055e000002OgRrAAK,1,Phones,Space phone 3,76000,123280
1,0015e000005ELPSAA4,Houston191 Inc,Partner,Customer,2000000,1319.0,2171760,Canada,CA,2019-05-06T17:23:31.000Z,,-1069,-1069,8000,2020-12-15,Energy,0,0055e000002OgRqAAK,1,Laptops,Pro laptop,1954400,2171760
2,0015e000005ELPTAA4,Lee192 Inc,Seminar - Internal,Customer,2000000,1495.5,653703,Mexico,,2019-05-06T17:23:31.000Z,,-1245,-1246,8000,2021-06-09,Engineering,0,0055e000002OgRpAAK,1,Phones,Space phone 3,923500,1307405
1,0015e000005ELPWAA4,Harris195 Inc,Employee Referral,Partner,2000000,1225.0,2880800,Switzerland,,2019-05-06T17:23:31.000Z,,-975,-975,8000,2020-09-12,Transportation,0,0055e000002OgRgAAK,1,Laptops,Mega laptop,1441600,2880800
1,0015e000005ELPZAA4,Perkins198 Inc,Partner,Customer,2000000,1514.0,657600,Normway,,2019-05-06T17:23:31.000Z,,-1264,-1264,8000,2021-06-28,Transportation,0,0055e000002OgRmAAK,1,Tablets,Light tablet,560400,657600
2,0015e000005ELPbAAO,Stokes200 Inc,Seminar - Internal,Partner,2000000,1309.5,211818,Italy,,2019-05-06T17:23:31.000Z,,-953,-1166,8000,2020-08-21,Insurance,0,0055e000002OgRiAAK,1,Accessories,Cables,27800,423635
2,0015e000005ELPdAAO,Reeves202 Inc,Partner,Customer,2000000,1564.0,1267903,Sweden,,2019-05-06T17:23:31.000Z,,-1292,-1336,8000,2021-07-26,Apparel,0,0055e000002OgRsAAK,1,Laptops,Mega laptop,1240000,2535805
1,0015e000005ELPiAAO,Stone207 Inc,Word of mouth,Customer,2000000,1499.0,435960,Russian,,2019-05-06T17:23:31.000Z,,-1249,-1249,8000,2021-06-13,Banking,0,0055e000002OgRdAAK,0,,,0,435960
1,0015e000005ELPkAAO,Gonzales209 Inc,Partner,Customer,2000000,1343.0,89400,Brazil,,2019-05-06T17:23:31.000Z,,-1093,-1093,8000,2021-01-08,Utilities,0,0055e000002OgRjAAK,1,Tablets,Light tablet,89400,89400
1,0015e000005ELPpAAO,Vega214 Inc,Advertisement,Customer,2000000,1588.0,352350,Russian,,2019-05-06T17:23:31.000Z,,-1338,-1338,8000,2021-09-10,Electronics,0,0055e000002OgRuAAK,1,Phones,Space phone 2,296100,352350
1,0015e000005ELPrAAO,Foster410 Inc,Trade Show,Customer,2000000,1602.0,115290,Japan,,2019-05-06T17:23:31.000Z,,-1352,-1352,8000,2021-09-24,Media,0,0055e000002OgRdAAK,1,Accessories,Keyboard,115290,115290
1,0015e000005ELPvAAO,Stone414 Inc,Web,Partner,2000000,1310.0,116360,Japan,,2019-05-06T17:23:31.000Z,,-1060,-1060,8000,2020-12-06,Communications,0,0055e000002OgRjAAK,1,Accessories,Cables,72320,116360
1,0015e000005ELPsAAO,Payne411 Inc,Word of mouth,Customer,2000000,1581.0,1052275,USA,VT,2019-05-06T17:23:31.000Z,,-1331,-1331,8000,2021-09-03,Communications,0,0055e000002OgRgAAK,1,Laptops,Light laptop,786250,1052275
1,0015e000005ELPwAAO,Daniel415 Inc,Web,Customer,2000000,1355.0,7747190,Brazil,,2019-05-06T17:23:31.000Z,,-1105,-1105,8000,2021-01-20,Technology,0,0055e000002OgRsAAK,1,Tablets,Light tablet 2,4114000,7747190
1,0015e000005ELPxAAO,West416 Inc,Advertisement,Customer,2000000,1463.0,499928,United Kingdom,,2019-05-06T17:23:31.000Z,,-1213,-1213,8000,2021-05-08,Energy,0,0055e000002OgRdAAK,0,,,0,499928
1,0015e000005ELPzAAO,Tyler418 Inc,Partner,Partner,2000000,1314.0,401291,Canada,PA,2019-05-06T17:23:31.000Z,,-1064,-1064,8000,2020-12-10,Electronics,0,0055e000002OgRpAAK,0,,,0,401291
1,0015e000005ELQ2AAO,Wagner421 Inc,Word of mouth,Customer,2000000,1611.0,110986,USA,MO,2019-05-06T17:23:31.000Z,,-1361,-1361,8000,2021-10-03,Education,0,0055e000002OgRfAAK,0,,,0,110986
1,0015e000005ELQAAA4,Fletcher429 Inc,Employee Referral,Customer,2000000,1469.0,2101255,Germany,,2019-05-06T17:23:31.000Z,,-1219,-1219,8000,2021-05-14,Retail,0,0055e000002OgRsAAK,1,Tablets,Light tablet 2,1161100,2101255
2,0015e000005ELQCAA4,James431 Inc,Word of mouth,Customer,2000000,1457.0,134561,Singapore,,2019-05-06T17:23:31.000Z,,-1047,-1367,8000,2020-11-23,Engineering,0,0055e000002OgRrAAK,1,Digital Media,Books,87240,269122
1,0015e000005ELQDAA4,Newman432 Inc,Seminar - Internal,Customer,2000000,1605.0,3077200,Canada,NM,2019-05-06T17:23:31.000Z,,-1355,-1355,8000,2021-09-27,Technology,0,0055e000002OgRfAAK,1,Phones,Space phone 3,1566000,3077200
1,0015e000005ELQGAA4,Roberson601 Inc,Employee Referral,Partner,2000000,1619.0,1518190,Belgium,,2019-05-06T17:23:31.000Z,,-1369,-1369,8000,2021-10-11,Technology,0,0055e000002OgRdAAK,1,Tablets,Mini tablet 2,655000,1518190
3,0015e000005ELQHAA4,McCarthy602 Inc,Word of mouth,Partner,2000000,1512.67,617958,Hong Kong,,2019-05-06T17:23:31.000Z,,-1231,-1300,8000,2021-05-26,Healthcare,0,0055e000002OgRhAAK,1,Tablets,Light tablet,948000,1853874
1,0015e000005ELQNAA4,Rodriguez608 Inc,Public Relations,Partner,2000000,1551.0,3513380,USA,FL,2019-05-06T17:23:31.000Z,,-1301,-1301,8000,2021-08-04,Media,0,0055e000002OgRpAAK,1,Laptops,Mega laptop,2443200,3513380
1,0015e000005ELQOAA4,Buchanan609 Inc,Word of mouth,Partner,2000000,1631.0,3168250,USA,AZ,2019-05-06T17:23:31.000Z,,-1381,-1381,8000,2021-10-23,Finance,0,0055e000002OgRlAAK,1,Laptops,Pro laptop,1566600,3168250
2,0015e000005ELQSAA4,Moody613 Inc,Web,Customer,2000000,1401.0,475000,Japan,,2019-05-06T17:23:31.000Z,,-1133,-1169,8000,2021-02-17,Transportation,0,0055e000002OgRmAAK,1,Phones,Space phone 3,950000,950000
1,0015e000005ELQZAA4,Castillo620 Inc,Web,Partner,2000000,1579.0,87409,USA,ME,2019-05-06T17:23:31.000Z,,-1329,-1329,8000,2021-09-01,Manufacturing,0,0055e000002OgRuAAK,0,,,0,87409
1,0015e000005ELQbAAO,Thompson622 Inc,Word of mouth,Customer,2000000,1316.0,22520,Japan,,2019-05-06T17:23:31.000Z,,-1066,-1066,8000,2020-12-12,Energy,0,0055e000002OgRcAAK,1,Accessories,Cables,22520,22520
1,0015e000005ELQhAAO,Joseph775 Inc,Public Relations,Partner,2000000,1438.0,1313950,Canada,AZ,2019-05-06T17:23:31.000Z,,-1188,-1188,8000,2021-04-13,Media,0,0055e000002OgRfAAK,1,Laptops,Notebook,910800,1313950
1,0015e000005ELQfAAO,Duncan773 Inc,Seminar - Internal,Customer,2000000,1612.0,254886,Japan,,2019-05-06T17:23:31.000Z,,-1362,-1362,8000,2021-10-04,Technology,0,0055e000002OgRtAAK,0,,,0,254886
1,0015e000005ELQiAAO,Bridges776 Inc,Web,Customer,2000000,1518.0,1337090,USA,WA,2019-05-06T17:23:31.000Z,,-1268,-1268,8000,2021-07-02,Finance,0,0055e000002OgRpAAK,1,Laptops,Light laptop,778750,1337090
2,0015e000005ELQtAAO,Medina787 Inc,Web,Partner,2000000,1527.0,752970,Hong Kong,,2019-05-06T17:23:31.000Z,,-1195,-1359,8000,2021-04-20,Energy,0,0055e000002OgRmAAK,1,Phones,Space phone 3,620500,1505940
1,0015e000005ELQsAAO,Hunt786 Inc,Word of mouth,Customer,2000000,1476.0,329425,Denmark,,2019-05-06T17:23:31.000Z,,-1226,-1226,8000,2021-05-21,Electronics,0,0055e000002OgRrAAK,1,Phones,Space phone 2,246825,329425
1,0015e000005ELR1AAO,Zimmerman6 Inc,Word of mouth,Customer,2000000,1266.0,154353,Thailand,,2019-05-06T17:23:31.000Z,,-1016,-1016,8000,2020-10-23,Insurance,0,0055e000002OgRgAAK,0,,,0,154353
1,0015e000005ELR2AAO,Holmes7 Inc,Word of mouth,Customer,2000000,1254.0,1886550,Korea,,2019-05-06T17:23:31.000Z,,-1004,-1004,8000,2020-10-11,Engineering,0,0055e000002OgRmAAK,1,Tablets,Light tablet 2,1546150,1886550
1,0015e000005ELR6AAO,Graham11 Inc,Web,Customer,2000000,1572.0,238018,Turkey,,2019-05-06T17:23:31.000Z,,-1322,-1322,4000,2021-08-25,Healthcare,0,0055e000002OgRtAAK,0,,,0,238018
1,0015e000005ELR9AAO,Crawford14 Inc,Employee Referral,Customer,2000000,1470.0,1417400,Belgium,,2019-05-06T17:23:31.000Z,,-1220,-1220,4000,2021-05-15,Telecommunications,0,0055e000002OgRhAAK,1,Tablets,Light tablet,811200,1417400
1,0015e000005ELRHAA4,Austin22 Inc,Trade Show,Customer,2000000,1391.0,273090,Canada,MD,2019-05-06T17:23:31.000Z,,-1141,-1141,4000,2021-02-25,Media,0,0055e000002OgRjAAK,1,Digital Media,Books,212880,273090
2,0015e000005ELREAA4,Bailey19 Inc,Word of mouth,Customer,2000000,1471.5,1382050,USA,MT,2019-05-06T17:23:31.000Z,,-1098,-1345,4000,2021-01-13,Biotechnology,0,0055e000002OgRrAAK,1,Laptops,Light laptop,1512500,2764100
1,0015e000005ELRIAA4,Byrd23 Inc,Employee Referral,Customer,2000000,1574.0,3426450,Canada,MT,2019-05-06T17:23:31.000Z,,-1324,-1324,4000,2021-08-27,Education,0,0055e000002OgRjAAK,1,Laptops,Light laptop,2403750,3426450
1,0015e000005ELRKAA4,Lopez215 Inc,Web,Customer,2000000,1607.0,804275,Hong Kong,,2019-05-06T17:23:31.000Z,,-1357,-1357,4000,2021-09-29,Communications,0,0055e000002OgRsAAK,1,Phones,Space phone 3,327500,804275
1,0015e000005ELRMAA4,Ingram217 Inc,Partner,Partner,2000000,1478.0,460956,Canada,MA,2019-05-06T17:23:31.000Z,,-1228,-1228,4000,2021-05-23,Biotechnology,0,0055e000002OgRqAAK,0,,,0,460956
1,0015e000005ELRPAA4,Cummings220 Inc,Partner,Customer,2000000,1443.0,163800,USA,IL,2019-05-06T17:23:31.000Z,,-1193,-1193,4000,2021-04-18,Utilities,0,0055e000002OgReAAK,1,Phones,Space phone 2,163800,163800
3,0015e000005ELRTAA4,Silva224 Inc,Partner,Customer,2000000,1366.0,1095083,Brazil,,2019-05-06T17:23:31.000Z,,-1036,-1231,4000,2020-11-12,Banking,0,0055e000002OgReAAK,1,Laptops,Light laptop,2290000,3285248
1,0015e000005ELRYAA4,Vaughn229 Inc,Seminar - Internal,Partner,2000000,1473.0,1885475,USA,MS,2019-05-06T17:23:31.000Z,,-1223,-1223,4000,2021-05-18,Banking,0,0055e000002OgRmAAK,1,Laptops,Notebook,1367300,1885475
2,0015e000005ELRZAA4,Hall230 Inc,Advertisement,Partner,2000000,1569.0,1336665,Canada,OH,2019-05-06T17:23:31.000Z,,-1247,-1391,4000,2021-06-11,Apparel,0,0055e000002OgRmAAK,1,Laptops,Light laptop,2113750,2673330
1,0015e000005ELRbAAO,Webb232 Inc,Advertisement,Customer,2000000,1555.0,436500,Thailand,,2019-05-06T17:23:31.000Z,,-1305,-1305,4000,2021-08-08,Media,0,0055e000002OgReAAK,1,Tablets,Mini tablet 2,436500,436500
1,0015e000005ELRdAAO,Fletcher234 Inc,Web,Partner,2000000,1484.0,1755000,Italy,,2019-05-06T17:23:31.000Z,,-1234,-1234,4000,2021-05-29,Manufacturing,0,0055e000002OgRjAAK,1,Tablets,Light tablet,918000,1755000
1,0015e000005ELRgAAO,Perez237 Inc,Employee Referral,Partner,2000000,1431.0,309686,Canada,NY,2019-05-06T17:23:31.000Z,,-1181,-1181,4000,2021-04-06,Utilities,0,0055e000002OgRkAAK,0,,,0,309686
1,0015e000005ELRhAAO,Taylor238 Inc,Employee Referral,Customer,2000000,1209.0,48440,Canada,OH,2019-05-06T17:23:31.000Z,,-959,-959,4000,2020-08-27,Manufacturing,0,0055e000002OgRiAAK,1,Accessories,Cables,48440,48440
3,0015e000005ELRmAAO,Mann440 Inc,Employee Referral,Customer,2000000,1575.0,1193125,USA,OR,2019-05-06T17:23:31.000Z,,-1300,-1350,4000,2021-08-03,Electronics,0,0055e000002OgRcAAK,1,Laptops,Mega laptop,1768000,3579376
1,0015e000005ELRnAAO,Owens441 Inc,Advertisement,Customer,2000000,1551.0,470298,Thailand,,2019-05-06T17:23:31.000Z,,-1301,-1301,4000,2021-08-04,Agriculture,0,0055e000002OgReAAK,0,,,0,470298
1,0015e000005ELRqAAO,Oliver444 Inc,Public Relations,Customer,2000000,1481.0,18960,Canada,UT,2019-05-06T17:23:31.000Z,,-1231,-1231,4000,2021-05-26,Energy,0,0055e000002OgRkAAK,1,Accessories,Cables,18960,18960
1,0015e000005ELRuAAO,Myers448 Inc,Partner,Customer,2000000,1307.0,339815,Normway,,2019-05-06T17:23:31.000Z,,-1057,-1057,4000,2020-12-03,Technology,0,0055e000002OgRuAAK,1,Phones,Space phone 3,289500,339815
1,0015e000005ELRvAAO,Robbins449 Inc,Word of mouth,Customer,2000000,1547.0,720875,Taiwan,,2019-05-06T17:23:31.000Z,,-1297,-1297,4000,2021-07-31,Engineering,0,0055e000002OgRiAAK,1,Laptops,Notebook,525800,720875
2,0015e000005ELRwAAO,Cox450 Inc,Partner,Customer,2000000,1371.0,1658875,USA,AR,2019-05-06T17:23:31.000Z,,-1033,-1209,4000,2020-11-09,Electronics,0,0055e000002OgRsAAK,1,Laptops,Light laptop,1613750,3317750
2,0015e000005ELRyAAO,Lambert452 Inc,Public Relations,Customer,2000000,1369.5,766570,Thailand,,2019-05-06T17:23:31.000Z,,-989,-1250,4000,2020-09-26,Utilities,0,0055e000002OgRjAAK,1,Phones,Space phone 3,1385000,1533140
1,0015e000005ELRzAAO,Paul453 Inc,Partner,Customer,2000000,1523.0,128265,China,,2019-05-06T17:23:31.000Z,,-1273,-1273,4000,2021-07-07,Transportation,0,0055e000002OgRlAAK,1,Digital Media,Books,96240,128265
2,0015e000005ELS0AAO,Bush454 Inc,Employee Referral,Partner,2000000,1414.0,2712200,Normway,,2019-05-06T17:23:31.000Z,,-950,-1378,4000,2020-08-18,Finance,0,0055e000002OgRcAAK,1,Laptops,Pro laptop,2389800,5424400
1,0015e000005ELS1AAO,Holloway455 Inc,Word of mouth,Customer,2000000,1624.0,411185,Italy,,2019-05-06T17:23:31.000Z,,-1374,-1374,4000,2021-10-16,Agriculture,0,0055e000002OgRhAAK,0,,,0,411185
2,0015e000005ELS6AAO,Bowers460 Inc,Trade Show,Partner,2000000,1515.5,1019019,Belgium,,2019-05-06T17:23:31.000Z,,-1142,-1389,4000,2021-02-26,Banking,0,0055e000002OgRpAAK,1,Laptops,Notebook,1467400,2038037
1,0015e000005ELS3AAO,Romero457 Inc,Employee Referral,Partner,2000000,1601.0,58840,USA,NC,2019-05-06T17:23:31.000Z,,-1351,-1351,4000,2021-09-23,Energy,0,0055e000002OgRuAAK,1,Accessories,Cables,58840,58840
1,0015e000005ELS4AAO,Summers458 Inc,Employee Referral,Customer,2000000,1634.0,171660,Canada,CA,2019-05-06T17:23:31.000Z,,-1384,-1384,4000,2021-10-26,Electronics,0,0055e000002OgRlAAK,1,Accessories,Keyboard,164700,171660
1,0015e000005ELS7AAO,Rodgers461 Inc,Employee Referral,Partner,2000000,1570.0,2807700,USA,NE,2019-05-06T17:23:31.000Z,,-1320,-1320,4000,2021-08-23,Retail,0,0055e000002OgRsAAK,1,Laptops,Mega laptop,2355200,2807700
1,0015e000005ELSFAA4,Hodges632 Inc,Web,Customer,2000000,1262.0,965700,Switzerland,,2019-05-06T17:23:31.000Z,,-1012,-1012,4000,2020-10-19,Manufacturing,0,0055e000002OgRpAAK,1,Tablets,Mini tablet,528800,965700
2,0015e000005ELSJAA4,Walton636 Inc,Trade Show,Partner,2000000,1571.5,1259150,Canada,NE,2019-05-06T17:23:31.000Z,,-1290,-1353,4000,2021-07-24,Consulting,0,0055e000002OgRjAAK,1,Laptops,Pro laptop,1757000,2518300
1,0015e000005ELSKAA4,Herrera637 Inc,Partner,Customer,2000000,1573.0,358100,China,,2019-05-06T17:23:31.000Z,,-1323,-1323,4000,2021-08-26,Utilities,0,0055e000002OgRjAAK,1,Digital Media,Courses,309600,358100
2,0015e000005ELSLAA4,Anderson638 Inc,Employee Referral,Customer,2000000,1464.5,46857,Russian,,2019-05-06T17:23:31.000Z,,-1063,-1366,4000,2020-12-09,Insurance,0,0055e000002OgRcAAK,1,Accessories,Cables,3440,93714
1,0015e000005ELSRAA4,Ingram644 Inc,Public Relations,Customer,2000000,1556.0,424836,Sweden,,2019-05-06T17:23:31.000Z,,-1306,-1306,4000,2021-08-09,Communications,0,0055e000002OgRdAAK,0,,,0,424836
1,0015e000005ELScAAO,Tran798 Inc,Partner,Customer,2000000,1444.0,43355,Sweden,,2019-05-06T17:23:31.000Z,,-1194,-1194,4000,2021-04-19,Agriculture,0,0055e000002OgRhAAK,0,,,0,43355
1,0015e000005ELSfAAO,Gutierrez801 Inc,Employee Referral,Customer,2000000,1621.0,142400,Germany,,2019-05-06T17:23:31.000Z,,-1371,-1371,4000,2021-10-13,Banking,0,0055e000002OgRsAAK,1,Tablets,Mini tablet,142400,142400
2,0015e000005ELSiAAO,Roberts804 Inc,Advertisement,Partner,2000000,1553.5,659437,Japan,,2019-05-06T17:23:31.000Z,,-1282,-1325,4000,2021-07-16,Banking,0,0055e000002OgRpAAK,1,Laptops,Pro laptop,898800,1318873
1,0015e000005ELSjAAO,Ellis805 Inc,Trade Show,Customer,2000000,1485.0,476918,Russian,,2019-05-06T17:23:31.000Z,,-1235,-1235,4000,2021-05-30,Healthcare,0,0055e000002OgRpAAK,0,,,0,476918
1,0015e000005ELSkAAO,Patrick806 Inc,Web,Customer,2000000,1638.0,2207200,Sweden,,2019-05-06T17:23:31.000Z,,-1388,-1388,4000,2021-10-30,Energy,0,0055e000002OgRfAAK,1,Laptops,Notebook,2081200,2207200
1,0015e000005ELSlAAO,Price807 Inc,Web,Partner,2000000,1270.0,60760,Taiwan,,2019-05-06T17:23:31.000Z,,-1020,-1020,4000,2020-10-27,Apparel,0,0055e000002OgRhAAK,1,Accessories,Cables,60760,60760
1,0015e000005ELSmAAO,Rodriguez808 Inc,Trade Show,Customer,2000000,1430.0,237960,Japan,,2019-05-06T17:23:31.000Z,,-1180,-1180,4000,2021-04-05,Transportation,0,0055e000002OgRpAAK,1,Digital Media,Books,179160,237960
1,0015e000005ELSsAAO,Gordon814 Inc,Employee Referral,Partner,2000000,1370.0,898800,USA,MD,2019-05-06T17:23:31.000Z,,-1120,-1120,4000,2021-02-04,Energy,0,0055e000002OgRsAAK,1,Laptops,Pro laptop,898800,898800
2,0015e000005ELSrAAO,Arnold813 Inc,Partner,Customer,2000000,1408.0,1041669,Canada,NH,2019-05-06T17:23:31.000Z,,-947,-1369,4000,2020-08-15,Communications,0,0055e000002OgRnAAK,1,Laptops,Light laptop,1563750,2083337
1,0015e000005ELSwAAO,Martin949 Inc,Web,Customer,2000000,1614.0,51480,USA,KS,2019-05-06T17:23:31.000Z,,-1364,-1364,4000,2021-10-06,Finance,0,0055e000002OgRiAAK,1,Digital Media,Books,51480,51480
1,0015e000005ELSzAAO,Sims952 Inc,Public Relations,Customer,2000000,1541.0,2719000,Taiwan,,2019-05-06T17:23:31.000Z,,-1291,-1291,4000,2021-07-25,Engineering,0,0055e000002OgRmAAK,1,Laptops,Light laptop,1977500,2719000
1,0015e000005ELT1AAO,Stevenson954 Inc,Employee Referral,Customer,2000000,1546.0,5023650,Canada,MI,2019-05-06T17:23:31.000Z,,-1296,-1296,4000,2021-07-30,Insurance,0,0055e000002OgRlAAK,1,Laptops,Light laptop,2492500,5023650
1,0015e000005ELT2AAO,Briggs955 Inc,Public Relations,Customer,2000000,1444.0,209104,Switzerland,,2019-05-06T17:23:31.000Z,,-1194,-1194,4000,2021-04-19,Energy,0,0055e000002OgRjAAK,0,,,0,209104
1,0015e000005ELT7AAO,Johnson960 Inc,Employee Referral,Partner,2000000,1278.0,218204,Italy,,2019-05-06T17:23:31.000Z,,-1028,-1028,4000,2020-11-04,Communications,0,0055e000002OgRpAAK,0,,,0,218204
1,0015e000005ELTAAA4,McGuire26 Inc,Word of mouth,Partner,2000000,1579.0,62400,USA,LA,2019-05-06T17:23:31.000Z,,-1329,-1329,4000,2021-09-01,Energy,0,0055e000002OgRiAAK,1,Tablets,Light tablet,62400,62400
2,0015e000005ELTCAA4,Cohen28 Inc,Advertisement,Customer,2000000,1548.0,1102999,China,,2019-05-06T17:23:31.000Z,,-1230,-1366,4000,2021-05-25,Retail,0,0055e000002OgRhAAK,1,Laptops,Mega laptop,1948800,2205998
1,0015e000005ELTDAA4,Reid29 Inc,Seminar - Internal,Customer,2000000,1437.0,376955,USA,MN,2019-05-06T17:23:31.000Z,,-1187,-1187,4000,2021-04-12,Biotechnology,0,0055e000002OgRpAAK,1,Digital Media,Courses,251600,376955
1,0015e000005ELTFAA4,Long31 Inc,Trade Show,Customer,2000000,1536.0,2166890,USA,MN,2019-05-06T17:23:31.000Z,,-1286,-1286,4000,2021-07-20,Consulting,0,0055e000002OgRfAAK,1,Tablets,Light tablet 2,987700,2166890
2,0015e000005ELTHAA4,Graves33 Inc,Seminar - Internal,Customer,2000000,1497.0,1089665,Canada,ID,2019-05-06T17:23:31.000Z,,-1214,-1280,4000,2021-05-09,Telecommunications,0,0055e000002OgRsAAK,1,Tablets,Mini tablet 2,993500,2179330
1,0015e000005ELTKAA4,Soto36 Inc,Partner,Customer,2000000,1377.0,236040,USA,MO,2019-05-06T17:23:31.000Z,,-1127,-1127,4000,2021-02-11,Healthcare,0,0055e000002OgRkAAK,1,Digital Media,Books,236040,236040
2,0015e000005ELTMAA4,Gutierrez38 Inc,Employee Referral,Customer,2000000,1395.5,178803,Singapore,,2019-05-06T17:23:31.000Z,,-1042,-1249,4000,2020-11-18,Technology,0,0055e000002OgRkAAK,1,Accessories,Cables,14720,357606
1,0015e000005ELTQAA4,Adkins42 Inc,Web,Customer,2000000,1611.0,773640,Japan,,2019-05-06T17:23:31.000Z,,-1361,-1361,4000,2021-10-03,Utilities,0,0055e000002OgRfAAK,1,Tablets,Mini tablet,752800,773640
3,0015e000005ELTRAA4,Carr43 Inc,Employee Referral,Customer,2000000,1392.67,899590,Australia,,2019-05-06T17:23:31.000Z,,-961,-1350,4000,2020-08-29,Apparel,0,0055e000002OgRmAAK,1,Laptops,Mega laptop,1628800,2698769
1,0015e000005ELTTAA4,Alvarez45 Inc,Advertisement,Partner,2000000,1539.0,200400,Switzerland,,2019-05-06T17:23:31.000Z,,-1289,-1289,4000,2021-07-23,Education,0,0055e000002OgRnAAK,1,Digital Media,Books,200400,200400
1,0015e000005ELTVAA4,Casey47 Inc,Word of mouth,Customer,800000,1359.0,33600,Spain,,2019-05-06T17:23:31.000Z,,-1109,-1109,500,2021-01-24,Education,0,0055e000002OgRdAAK,1,Accessories,Cables,33600,33600
1,0015e000005ELTfAAO,Wise244 Inc,Seminar - Internal,Customer,800000,1501.0,846000,Belgium,,2019-05-06T17:23:31.000Z,,-1251,-1251,500,2021-06-15,Agriculture,0,0055e000002OgRrAAK,1,Phones,Space phone 3,846000,846000
1,0015e000005ELThAAO,Medina246 Inc,Web,Customer,800000,1541.0,165000,Canada,LA,2019-05-06T17:23:31.000Z,,-1291,-1291,500,2021-07-25,Utilities,0,0055e000002OgRmAAK,1,Digital Media,Courses,165000,165000
2,0015e000005ELTjAAO,Greene248 Inc,Employee Referral,Partner,800000,1581.5,196891,Taiwan,,2019-05-06T17:23:31.000Z,,-1294,-1369,500,2021-07-28,Utilities,0,0055e000002OgRfAAK,0,,,0,393782
2,0015e000005ELTkAAO,Butler249 Inc,Employee Referral,Customer,800000,1325.5,860165,Singapore,,2019-05-06T17:23:31.000Z,,-1042,-1109,500,2020-11-18,Energy,0,0055e000002OgRhAAK,1,Tablets,Light tablet,888600,1720330
1,0015e000005ELTlAAO,Bryant250 Inc,Employee Referral,Customer,800000,1342.0,252545,Spain,,2019-05-06T17:23:31.000Z,,-1092,-1092,500,2021-01-07,Biotechnology,0,0055e000002OgRmAAK,0,,,0,252545
1,0015e000005ELTpAAO,Glover254 Inc,Advertisement,Partner,800000,1471.0,775200,Normway,,2019-05-06T17:23:31.000Z,,-1221,-1221,500,2021-05-16,Banking,0,0055e000002OgRnAAK,1,Tablets,Mini tablet,775200,775200
1,0015e000005ELTsAAO,Salazar257 Inc,Partner,Customer,800000,1601.0,40900,Germany,,2019-05-06T17:23:31.000Z,,-1351,-1351,500,2021-09-23,Manufacturing,0,0055e000002OgRjAAK,1,Tablets,Mini tablet 2,26500,40900
1,0015e000005ELTuAAO,Wells259 Inc,Trade Show,Customer,800000,1490.0,646400,USA,RI,2019-05-06T17:23:31.000Z,,-1240,-1240,500,2021-06-04,Engineering,0,0055e000002OgRdAAK,1,Laptops,Mega laptop,646400,646400
1,0015e000005ELU2AAO,Porter466 Inc,Employee Referral,Partner,800000,1521.0,333830,Canada,MT,2019-05-06T17:23:31.000Z,,-1271,-1271,500,2021-07-05,Biotechnology,0,0055e000002OgRkAAK,1,Tablets,Light tablet 2,192950,333830
1,0015e000005ELU3AAO,McDaniel467 Inc,Advertisement,Customer,800000,1357.0,710500,Japan,,2019-05-06T17:23:31.000Z,,-1107,-1107,500,2021-01-22,Biotechnology,0,0055e000002OgRfAAK,1,Phones,Space phone 3,710500,710500
1,0015e000005ELU7AAO,Holloway471 Inc,Public Relations,Partner,800000,1385.0,1241600,Normway,,2019-05-06T17:23:31.000Z,,-1135,-1135,500,2021-02-19,Biotechnology,0,0055e000002OgRrAAK,1,Laptops,Mega laptop,1144000,1241600
1,0015e000005ELU8AAO,Padilla472 Inc,Word of mouth,Customer,800000,1586.0,179225,Canada,DE,2019-05-06T17:23:31.000Z,,-1336,-1336,500,2021-09-08,Consulting,0,0055e000002OgRdAAK,1,Phones,Space phone 3,134000,179225
1,0015e000005ELUBAA4,Chapman475 Inc,Advertisement,Partner,800000,1566.0,198000,Singapore,,2019-05-06T17:23:31.000Z,,-1316,-1316,500,2021-08-19,Media,0,0055e000002OgRkAAK,1,Digital Media,Books,198000,198000
1,0015e000005ELUNAA4,Hines651 Inc,Partner,Customer,1500000,1457.0,875880,Korea,,2019-05-06T17:23:31.000Z,,-1207,-1207,1000,2021-05-02,Technology,0,0055e000002OgRfAAK,1,Tablets,Light tablet,714600,875880
2,0015e000005ELUPAA4,Warren653 Inc,Advertisement,Partner,1500000,1423.5,1315038,France,,2019-05-06T17:23:31.000Z,,-957,-1390,1000,2020-08-25,Retail,0,0055e000002OgRcAAK,1,Laptops,Light laptop,2041250,2630075
1,0015e000005ELUTAA4,Benson657 Inc,Trade Show,Customer,1500000,1414.0,1183700,USA,LA,2019-05-06T17:23:31.000Z,,-1164,-1164,1000,2021-03-20,Communications,0,0055e000002OgRlAAK,1,Laptops,Pro laptop,1163400,1183700
2,0015e000005ELUVAA4,Long659 Inc,Employee Referral,Partner,1500000,1467.5,506885,USA,WA,2019-05-06T17:23:31.000Z,,-1183,-1252,1000,2021-04-08,Apparel,0,0055e000002OgRiAAK,1,Tablets,Mini tablet,719200,1013770
2,0015e000005ELUXAA4,Bass661 Inc,Trade Show,Partner,1500000,1564.5,501727,USA,IA,2019-05-06T17:23:31.000Z,,-1293,-1336,1000,2021-07-27,Agriculture,0,0055e000002OgRhAAK,1,Laptops,Light laptop,640000,1003453
2,0015e000005ELUYAA4,Nichols662 Inc,Employee Referral,Partner,1500000,1560.0,2570183,Singapore,,2019-05-06T17:23:31.000Z,,-1286,-1334,1000,2021-07-20,Manufacturing,0,0055e000002OgRsAAK,1,Laptops,Pro laptop,2692200,5140365
1,0015e000005ELUcAAO,Higgins666 Inc,Employee Referral,Customer,1500000,1587.0,583800,Normway,,2019-05-06T17:23:31.000Z,,-1337,-1337,1000,2021-09-09,Media,0,0055e000002OgRlAAK,1,Tablets,Light tablet,583800,583800
1,0015e000005ELUZAA4,Simmons663 Inc,Word of mouth,Partner,1500000,1491.0,146771,Thailand,,2019-05-06T17:23:31.000Z,,-1241,-1241,1000,2021-06-05,Energy,0,0055e000002OgRqAAK,0,,,0,146771
1,0015e000005ELUiAAO,Green672 Inc,Word of mouth,Partner,1500000,1611.0,237840,Korea,,2019-05-06T17:23:31.000Z,,-1361,-1361,1000,2021-10-03,Biotechnology,0,0055e000002OgRdAAK,1,Digital Media,Books,237840,237840
2,0015e000005ELUjAAO,Fleming816 Inc,Partner,Customer,1500000,1445.0,1912695,Germany,,2019-05-06T17:23:31.000Z,,-1182,-1208,1000,2021-04-07,Insurance,0,0055e000002OgRtAAK,1,Laptops,Light laptop,1912500,3825390
1,0015e000005ELUkAAO,Colon817 Inc,Trade Show,Customer,1500000,1393.0,3314900,Canada,NH,2019-05-06T17:23:31.000Z,,-1143,-1143,1000,2021-02-27,Media,0,0055e000002OgRrAAK,1,Laptops,Notebook,1655500,3314900
1,0015e000005ELUlAAO,King818 Inc,Employee Referral,Customer,1500000,1631.0,491550,China,,2019-05-06T17:23:31.000Z,,-1381,-1381,1000,2021-10-23,Telecommunications,0,0055e000002OgRtAAK,1,Tablets,Mini tablet 2,427500,491550
1,0015e000005ELUvAAO,Hart828 Inc,Partner,Customer,1500000,1596.0,1148850,Germany,,2019-05-06T17:23:31.000Z,,-1346,-1346,1000,2021-09-18,Electronics,0,0055e000002OgRlAAK,1,Tablets,Light tablet,744600,1148850
1,0015e000005ELUwAAO,Nelson829 Inc,Web,Customer,1500000,1441.0,84329,Japan,,2019-05-06T17:23:31.000Z,,-1191,-1191,1000,2021-04-16,Media,0,0055e000002OgRlAAK,0,,,0,84329
1,0015e000005ELUxAAO,Rios830 Inc,Employee Referral,Customer,1500000,1452.0,3851250,USA,NJ,2019-05-06T17:23:31.000Z,,-1202,-1202,1000,2021-04-27,Apparel,0,0055e000002OgRdAAK,1,Laptops,Light laptop,3851250,3851250
1,0015e000005ELUyAAO,Greer831 Inc,Advertisement,Customer,1500000,1297.0,63600,Denmark,,2019-05-06T17:23:31.000Z,,-1047,-1047,1000,2020-11-23,Finance,0,0055e000002OgRhAAK,1,Digital Media,Courses,63600,63600
1,0015e000005ELV2AAO,Ford835 Inc,Word of mouth,Partner,1500000,1435.0,1590600,Singapore,,2019-05-06T17:23:31.000Z,,-1185,-1185,1000,2021-04-10,Insurance,0,0055e000002OgRnAAK,1,Tablets,Light tablet,917400,1590600
1,0015e000005ELV8AAO,Schneider841 Inc,Word of mouth,Customer,1500000,1530.0,163530,India,,2019-05-06T17:23:31.000Z,,-1280,-1280,1000,2021-07-14,Electronics,0,0055e000002OgRlAAK,1,Accessories,Keyboard,163530,163530
1,0015e000005ELVCAA4,Pena964 Inc,Employee Referral,Customer,1500000,1507.0,1639550,Canada,FL,2019-05-06T17:23:31.000Z,,-1257,-1257,1000,2021-06-21,Electronics,0,0055e000002OgRdAAK,1,Tablets,Light tablet 2,1507050,1639550
2,0015e000005ELVMAA4,Cummings974 Inc,Seminar - Internal,Customer,1500000,1378.0,756925,Mexico,,2019-05-06T17:23:31.000Z,,-1049,-1207,1000,2020-11-25,Agriculture,0,0055e000002OgRnAAK,1,Laptops,Light laptop,1386250,1513850
1,0015e000005ELVRAA4,Roberts979 Inc,Trade Show,Partner,1500000,1312.0,18900,USA,GA,2019-05-06T17:23:31.000Z,,-1062,-1062,1000,2020-12-08,Banking,0,0055e000002OgRtAAK,1,Phones,Space phone 2,18900,18900
1,0015e000005ELVcAAO,Walsh54 Inc,Public Relations,Customer,700000000,1532.0,5280,Italy,,2019-05-06T17:23:31.000Z,,-1282,-1282,10000,2021-07-16,Telecommunications,0,0055e000002OgRqAAK,1,Accessories,Cables,5280,5280
1,0015e000005ELVeAAO,Martin56 Inc,Partner,Partner,700000000,1449.0,2210350,USA,NM,2019-05-06T17:23:31.000Z,,-1199,-1199,10000,2021-04-24,Telecommunications,0,0055e000002OgRrAAK,1,Tablets,Light tablet 2,1403350,2210350
1,0015e000005ELVhAAO,Doyle59 Inc,Word of mouth,Customer,700000000,1608.0,834280,Japan,,2019-05-06T17:23:31.000Z,,-1358,-1358,10000,2021-09-30,Biotechnology,0,0055e000002OgRlAAK,1,Tablets,Mini tablet,715600,834280
1,0015e000005ELVpAAO,Carpenter67 Inc,Public Relations,Customer,700000000,1258.0,94151,Canada,SC,2019-05-06T17:23:31.000Z,,-1008,-1008,10000,2020-10-15,Manufacturing,0,0055e000002OgRiAAK,0,,,0,94151
1,0015e000005ELVqAAO,Figueroa68 Inc,Web,Customer,700000000,1565.0,1318960,India,,2019-05-06T17:23:31.000Z,,-1315,-1315,10000,2021-08-18,Engineering,0,0055e000002OgRdAAK,1,Laptops,Notebook,1287000,1318960
1,0015e000005ELVsAAO,Harper70 Inc,Partner,Partner,700000000,1529.0,2124300,Denmark,,2019-05-06T17:23:31.000Z,,-1279,-1279,10000,2021-07-13,Education,0,0055e000002OgRdAAK,1,Laptops,Notebook,1976700,2124300
1,0015e000005ELVwAAO,Fields265 Inc,Employee Referral,Partner,700000000,1306.0,386375,Mexico,,2019-05-06T17:23:31.000Z,,-1056,-1056,10000,2020-12-02,Telecommunications,0,0055e000002OgRkAAK,1,Phones,Space phone 2,221175,386375
1,0015e000005ELVxAAO,Beck266 Inc,Public Relations,Partner,700000000,1316.0,1132600,Canada,AZ,2019-05-06T17:23:31.000Z,,-1066,-1066,10000,2020-12-12,Communications,0,0055e000002OgRgAAK,1,Laptops,Pro laptop,1132600,1132600
1,0015e000005ELVzAAO,Clarke268 Inc,Advertisement,Customer,700000000,1528.0,196200,Canada,TX,2019-05-06T17:23:31.000Z,,-1278,-1278,10000,2021-07-12,Education,0,0055e000002OgReAAK,1,Phones,Space phone 2,196200,196200
1,0015e000005ELW0AAO,Anderson269 Inc,Partner,Customer,700000000,1339.0,249600,Switzerland,,2019-05-06T17:23:31.000Z,,-1089,-1089,10000,2021-01-04,Biotechnology,0,0055e000002OgRqAAK,1,Laptops,Mega laptop,249600,249600
1,0015e000005ELW1AAO,Elliott270 Inc,Partner,Partner,700000000,1269.0,2294400,Switzerland,,2019-05-06T17:23:31.000Z,,-1019,-1019,10000,2020-10-26,Engineering,0,0055e000002OgRjAAK,1,Laptops,Mega laptop,2294400,2294400
1,0015e000005ELW6AAO,Lopez275 Inc,Seminar - Internal,Customer,700000000,1632.0,792270,Switzerland,,2019-05-06T17:23:31.000Z,,-1382,-1382,10000,2021-10-24,Engineering,0,0055e000002OgRuAAK,1,Laptops,Pro laptop,691600,792270
2,0015e000005ELWCAA4,Evans281 Inc,Employee Referral,Customer,700000000,1378.5,2084855,Singapore,,2019-05-06T17:23:31.000Z,,-1009,-1248,10000,2020-10-16,Apparel,0,0055e000002OgRmAAK,1,Laptops,Light laptop,4058750,4169710
1,0015e000005ELWFAA4,Tucker284 Inc,Public Relations,Customer,700000000,1510.0,121490,Belgium,,2019-05-06T17:23:31.000Z,,-1260,-1260,10000,2021-06-24,Agriculture,0,0055e000002OgRcAAK,1,Phones,Space phone 2,108450,121490
1,0015e000005ELWIAA4,Vasquez483 Inc,Public Relations,Customer,700000000,1388.0,1010900,Canada,MI,2019-05-06T17:23:31.000Z,,-1138,-1138,10000,2021-02-22,Education,0,0055e000002OgRdAAK,1,Laptops,Notebook,1010900,1010900
1,0015e000005ELWLAA4,Young486 Inc,Advertisement,Customer,700000000,1440.0,1032600,USA,OH,2019-05-06T17:23:31.000Z,,-1190,-1190,10000,2021-04-15,Technology,0,0055e000002OgRrAAK,1,Tablets,Light tablet,1032600,1032600
1,0015e000005ELWNAA4,Becker488 Inc,Word of mouth,Customer,700000000,1467.0,761000,Singapore,,2019-05-06T17:23:31.000Z,,-1217,-1217,10000,2021-05-12,Transportation,0,0055e000002OgRdAAK,1,Phones,Space phone 3,761000,761000
1,0015e000005ELWOAA4,Moss489 Inc,Word of mouth,Customer,700000000,1437.0,72720,Denmark,,2019-05-06T17:23:31.000Z,,-1187,-1187,10000,2021-04-12,Banking,0,0055e000002OgReAAK,1,Accessories,Keyboard,72720,72720
1,0015e000005ELWTAA4,Higgins494 Inc,Trade Show,Customer,700000000,1443.0,524400,Normway,,2019-05-06T17:23:31.000Z,,-1193,-1193,10000,2021-04-18,Media,0,0055e000002OgRdAAK,1,Tablets,Light tablet,429600,524400
1,0015e000005ELWUAA4,Brown495 Inc,Web,Customer,700000000,1587.0,424600,USA,MD,2019-05-06T17:23:31.000Z,,-1337,-1337,10000,2021-09-09,Retail,0,0055e000002OgRdAAK,1,Laptops,Notebook,424600,424600
1,0015e000005ELWYAA4,Gardner499 Inc,Advertisement,Partner,700000000,1464.0,1241900,USA,VA,2019-05-06T17:23:31.000Z,,-1214,-1214,10000,2021-05-09,Banking,0,0055e000002OgReAAK,1,Laptops,Notebook,1241900,1241900
1,0015e000005ELWXAA4,Doyle498 Inc,Seminar - Internal,Partner,700000000,1508.0,3712300,Korea,,2019-05-06T17:23:31.000Z,,-1258,-1258,10000,2021-06-22,Transportation,0,0055e000002OgRgAAK,1,Laptops,Notebook,1448700,3712300
1,0015e000005ELWfAAO,Hudson506 Inc,Web,Customer,700000000,1524.0,1840000,Canada,OH,2019-05-06T17:23:31.000Z,,-1274,-1274,10000,2021-07-08,Finance,0,0055e000002OgRdAAK,1,Tablets,Mini tablet 2,928500,1840000
1,0015e000005ELWkAAO,Gray676 Inc,Public Relations,Customer,700000000,1316.0,2734080,Japan,,2019-05-06T17:23:31.000Z,,-1066,-1066,10000,2020-12-12,Biotechnology,0,0055e000002OgRuAAK,1,Laptops,Light laptop,2473750,2734080
1,0015e000005ELWqAAO,Ortega682 Inc,Advertisement,Partner,700000000,1632.0,2389600,Turkey,,2019-05-06T17:23:31.000Z,,-1382,-1382,10000,2021-10-24,Telecommunications,0,0055e000002OgRfAAK,1,Laptops,Light laptop,1985000,2389600
1,0015e000005ELWrAAO,Hanson683 Inc,Partner,Customer,700000000,1639.0,1542350,Canada,AR,2019-05-06T17:23:31.000Z,,-1389,-1389,10000,2021-10-31,Consulting,0,0055e000002OgRqAAK,1,Tablets,Light tablet 2,1394850,1542350
1,0015e000005ELWtAAO,Watts685 Inc,Word of mouth,Customer,700000000,1509.0,3907275,USA,LA,2019-05-06T17:23:31.000Z,,-1259,-1259,10000,2021-06-23,Biotechnology,0,0055e000002OgRnAAK,1,Laptops,Mega laptop,2878400,3907275
2,0015e000005ELWyAAO,Todd690 Inc,Trade Show,Customer,700000000,1472.5,1419938,USA,OH,2019-05-06T17:23:31.000Z,,-1206,-1239,10000,2021-05-01,Biotechnology,0,0055e000002OgRgAAK,1,Laptops,Pro laptop,2146200,2839875
1,0015e000005ELX1AAO,Schneider843 Inc,Partner,Partner,700000000,1577.0,156655,USA,ID,2019-05-06T17:23:31.000Z,,-1327,-1327,10000,2021-08-30,Energy,0,0055e000002OgRhAAK,0,,,0,156655
1,0015e000005ELX2AAO,Reeves844 Inc,Web,Customer,700000000,1598.0,76800,Singapore,,2019-05-06T17:23:31.000Z,,-1348,-1348,10000,2021-09-20,Apparel,0,0055e000002OgRdAAK,1,Tablets,Mini tablet,76800,76800
1,0015e000005ELXCAA4,Richardson854 Inc,Public Relations,Partner,700000000,1205.0,663100,Japan,,2019-05-06T17:23:31.000Z,,-955,-955,10000,2020-08-23,Apparel,0,0055e000002OgRmAAK,1,Laptops,Notebook,551100,663100
1,0015e000005ELXEAA4,Goodwin856 Inc,Public Relations,Partner,700000000,1473.0,152400,Canada,NH,2019-05-06T17:23:31.000Z,,-1223,-1223,10000,2021-05-18,Consulting,0,0055e000002OgRiAAK,1,Digital Media,Courses,152400,152400
1,0015e000005ELXGAA4,Cross858 Inc,Trade Show,Customer,700000000,1226.0,259500,Canada,LA,2019-05-06T17:23:31.000Z,,-976,-976,10000,2020-09-13,Energy,0,0055e000002OgRcAAK,1,Phones,Space phone 3,259500,259500
2,0015e000005ELXHAA4,Jefferson859 Inc,Partner,Partner,700000000,1531.0,1520384,Switzerland,,2019-05-06T17:23:31.000Z,,-1187,-1375,10000,2021-04-12,Apparel,0,0055e000002OgRtAAK,1,Laptops,Light laptop,2010000,3040767
2,0015e000005ELXMAA4,Estrada864 Inc,Seminar - Internal,Partner,700000000,1451.5,395920,USA,ND,2019-05-06T17:23:31.000Z,,-1132,-1271,10000,2021-02-16,Retail,0,0055e000002OgRmAAK,1,Tablets,Mini tablet,656800,791840
2,0015e000005ELXOAA4,Tran866 Inc,Seminar - Internal,Customer,700000000,1541.5,902855,India,,2019-05-06T17:23:31.000Z,,-1192,-1391,10000,2021-04-17,Energy,0,0055e000002OgRgAAK,1,Laptops,Light laptop,808750,1805710
1,0015e000005ELXQAA4,Herrera868 Inc,Web,Customer,700000000,1406.0,2155875,Australia,,2019-05-06T17:23:31.000Z,,-1156,-1156,10000,2021-03-12,Utilities,0,0055e000002OgReAAK,1,Laptops,Pro laptop,1387400,2155875
2,0015e000005ELXRAA4,Joseph988 Inc,Web,Customer,700000000,1577.0,2838925,USA,DE,2019-05-06T17:23:31.000Z,,-1316,-1338,10000,2021-08-19,Energy,0,0055e000002OgRdAAK,1,Laptops,Light laptop,4191250,5677850
3,0015e000005ELXSAA4,Hogan989 Inc,Trade Show,Customer,700000000,1511.0,921318,Canada,UT,2019-05-06T17:23:31.000Z,,-1211,-1321,10000,2021-05-06,Transportation,0,0055e000002OgRkAAK,1,Laptops,Pro laptop,1107400,2763955
1,0015e000005ELXTAA4,West990 Inc,Employee Referral,Customer,700000000,1568.0,728525,Sweden,,2019-05-06T17:23:31.000Z,,-1318,-1318,10000,2021-08-21,Healthcare,0,0055e000002OgRfAAK,1,Phones,Space phone 3,686000,728525
3,0015e000005ELXXAA4,Obrien994 Inc,Web,Customer,700000000,1379.0,519255,USA,MN,2019-05-06T17:23:31.000Z,,-1031,-1181,10000,2020-11-07,Agriculture,0,0055e000002OgRkAAK,1,Laptops,Light laptop,995000,1557765
2,0015e000005ELXcAAO,Riley999 Inc,Partner,Customer,700000000,1362.0,2009495,Japan,,2019-05-06T17:23:31.000Z,,-946,-1278,10000,2020-08-14,Energy,0,0055e000002OgRmAAK,1,Laptops,Notebook,1900800,4018990
1,0015e000005ELXdAAO,Alvarez72 Inc,Public Relations,Customer,700000000,1560.0,52440,India,,2019-05-06T17:23:31.000Z,,-1310,-1310,10000,2021-08-13,Technology,0,0055e000002OgReAAK,1,Digital Media,Books,52440,52440
1,0015e000005ELXfAAO,Wood74 Inc,Word of mouth,Customer,700000000,1431.0,3555960,Canada,VA,2019-05-06T17:23:31.000Z,,-1181,-1181,10000,2021-04-06,Engineering,0,0055e000002OgRhAAK,1,Tablets,Light tablet 2,1093100,3555960
2,0015e000005ELXkAAO,Rodgers79 Inc,Public Relations,Partner,700000000,1500.0,2703435,USA,GA,2019-05-06T17:23:31.000Z,,-1205,-1295,10000,2021-04-30,Banking,0,0055e000002OgRiAAK,1,Laptops,Light laptop,2016250,5406870
1,0015e000005ELXlAAO,Stokes80 Inc,Web,Customer,700000000,1375.0,230520,Switzerland,,2019-05-06T17:23:31.000Z,,-1125,-1125,10000,2021-02-09,Technology,0,0055e000002OgRmAAK,1,Digital Media,Books,230520,230520
1,0015e000005ELXpAAO,Santos84 Inc,Employee Referral,Partner,700000000,1624.0,2477275,Canada,MA,2019-05-06T17:23:31.000Z,,-1374,-1374,10000,2021-10-16,Apparel,0,0055e000002OgRlAAK,1,Laptops,Light laptop,2173750,2477275
1,0015e000005ELXrAAO,Patton86 Inc,Partner,Customer,700000000,1508.0,150043,USA,FL,2019-05-06T17:23:31.000Z,,-1258,-1258,10000,2021-06-22,Finance,0,0055e000002OgRtAAK,0,,,0,150043
1,0015e000005ELXsAAO,Webster87 Inc,Partner,Customer,700000000,1389.0,105210,Australia,,2019-05-06T17:23:31.000Z,,-1139,-1139,10000,2021-02-23,Retail,0,0055e000002OgRrAAK,1,Accessories,Keyboard,105210,105210
2,0015e000005ELXvAAO,Steele90 Inc,Word of mouth,Customer,700000000,1331.0,1287350,Normway,,2019-05-06T17:23:31.000Z,,-1000,-1162,10000,2020-10-07,Transportation,0,0055e000002OgRuAAK,1,Laptops,Mega laptop,1472000,2574700
1,0015e000005ELY4AAO,Schmidt289 Inc,Trade Show,Customer,700000000,1480.0,3263870,Japan,,2019-05-06T17:23:31.000Z,,-1230,-1230,10000,2021-05-25,Manufacturing,0,0055e000002OgRcAAK,1,Laptops,Pro laptop,2800000,3263870
2,0015e000005ELY9AAO,Gordon294 Inc,Seminar - Internal,Customer,700000000,1403.0,3070688,Canada,TX,2019-05-06T17:23:31.000Z,,-1001,-1305,10000,2020-10-08,Engineering,0,0055e000002OgRrAAK,1,Laptops,Pro laptop,2695000,6141375
1,0015e000005ELYBAA4,Gill296 Inc,Partner,Partner,700000000,1439.0,789160,Mexico,,2019-05-06T17:23:31.000Z,,-1189,-1189,10000,2021-04-14,Energy,0,0055e000002OgRrAAK,1,Tablets,Mini tablet,641200,789160
1,0015e000005ELYJAA4,Phelps304 Inc,Employee Referral,Customer,700000000,1571.0,193500,Singapore,,2019-05-06T17:23:31.000Z,,-1321,-1321,10000,2021-08-24,Apparel,0,0055e000002OgRdAAK,1,Accessories,Keyboard,119250,193500
1,0015e000005ELYKAA4,Gutierrez305 Inc,Trade Show,Customer,700000000,1301.0,2182350,Mexico,,2019-05-06T17:23:31.000Z,,-1051,-1051,10000,2020-11-27,Energy,0,0055e000002OgRsAAK,1,Tablets,Light tablet,1014600,2182350
2,0015e000005ELYLAA4,Woods306 Inc,Word of mouth,Customer,700000000,1423.0,48210,USA,MO,2019-05-06T17:23:31.000Z,,-1160,-1186,10000,2021-03-16,Agriculture,0,0055e000002OgRnAAK,1,Accessories,Cables,48880,96419
2,0015e000005ELYMAA4,Fowler307 Inc,Web,Partner,700000000,1510.0,362573,Germany,,2019-05-06T17:23:31.000Z,,-1149,-1371,10000,2021-03-05,Agriculture,0,0055e000002OgReAAK,1,Digital Media,Certifications,538500,725146
1,0015e000005ELYUAA4,Medina510 Inc,Advertisement,Customer,700000000,1294.0,1598060,China,,2019-05-06T17:23:31.000Z,,-1044,-1044,10000,2020-11-20,Technology,0,0055e000002OgRpAAK,1,Laptops,Pro laptop,884800,1598060
1,0015e000005ELYXAA4,Conner513 Inc,Web,Partner,700000000,1288.0,79550,Canada,IA,2019-05-06T17:23:31.000Z,,-1038,-1038,10000,2020-11-14,Engineering,0,0055e000002OgRqAAK,1,Accessories,Mouse,79550,79550
1,0015e000005ELYYAA4,Tran514 Inc,Employee Referral,Partner,700000000,1631.0,328949,Japan,,2019-05-06T17:23:31.000Z,,-1381,-1381,10000,2021-10-23,Engineering,0,0055e000002OgRgAAK,0,,,0,328949
1,0015e000005ELYaAAO,Morales516 Inc,Trade Show,Partner,700000000,1333.0,2604140,China,,2019-05-06T17:23:31.000Z,,-1083,-1083,10000,2020-12-29,Energy,0,0055e000002OgRsAAK,1,Laptops,Mega laptop,1254400,2604140
1,0015e000005ELYbAAO,Fox517 Inc,Word of mouth,Customer,700000000,1486.0,25095,USA,TN,2019-05-06T17:23:31.000Z,,-1236,-1236,10000,2021-05-31,Energy,0,0055e000002OgRhAAK,0,,,0,25095
2,0015e000005ELYdAAO,Bennett519 Inc,Word of mouth,Customer,700000000,1627.0,1187250,Russian,,2019-05-06T17:23:31.000Z,,-1371,-1383,10000,2021-10-13,Manufacturing,0,0055e000002OgRkAAK,1,Laptops,Mega laptop,1339200,2374500
1,0015e000005ELYeAAO,Ortiz520 Inc,Seminar - Internal,Customer,700000000,1322.0,1518400,USA,ID,2019-05-06T17:23:31.000Z,,-1072,-1072,10000,2020-12-18,Transportation,0,0055e000002OgRdAAK,1,Laptops,Light laptop,1401250,1518400
1,0015e000005ELYlAAO,Snyder527 Inc,Word of mouth,Customer,700000000,1594.0,623750,United Kingdom,,2019-05-06T17:23:31.000Z,,-1344,-1344,10000,2021-09-16,Insurance,0,0055e000002OgRjAAK,1,Phones,Space phone 3,552000,623750
1,0015e000005ELYpAAO,McKenzie531 Inc,Employee Referral,Partner,700000000,1458.0,73600,USA,CT,2019-05-06T17:23:31.000Z,,-1208,-1208,10000,2021-05-03,Media,0,0055e000002OgRhAAK,1,Accessories,Cables,73600,73600
1,0015e000005ELYrAAO,Stone533 Inc,Web,Customer,700000000,1518.0,2303500,USA,OR,2019-05-06T17:23:31.000Z,,-1268,-1268,10000,2021-07-02,Technology,0,0055e000002OgRfAAK,1,Laptops,Pro laptop,2128000,2303500
1,0015e000005ELYtAAO,Carroll694 Inc,Web,Customer,700000000,1298.0,54090,USA,ID,2019-05-06T17:23:31.000Z,,-1048,-1048,10000,2020-11-24,Communications,0,0055e000002OgReAAK,1,Accessories,Cases,45290,54090
1,0015e000005ELYxAAO,Morton698 Inc,Web,Customer,500000,1618.0,368530,Canada,CT,2019-05-06T17:23:31.000Z,,-1368,-1368,900,2021-10-10,Apparel,0,0055e000002OgRuAAK,1,Tablets,Mini tablet,296800,368530
1,0015e000005ELZ0AAO,Crawford701 Inc,Partner,Customer,500000,1627.0,2942705,Spain,,2019-05-06T17:23:31.000Z,,-1377,-1377,900,2021-10-19,Technology,0,0055e000002OgRfAAK,1,Laptops,Pro laptop,2723000,2942705
1,0015e000005ELZ2AAO,Page703 Inc,Employee Referral,Partner,500000,1618.0,1132470,Japan,,2019-05-06T17:23:31.000Z,,-1368,-1368,900,2021-10-10,Agriculture,0,0055e000002OgRjAAK,1,Tablets,Light tablet 2,857650,1132470
1,0015e000005ELZ5AAO,West706 Inc,Word of mouth,Customer,500000,1534.0,22240,USA,NC,2019-05-06T17:23:31.000Z,,-1284,-1284,900,2021-07-18,Technology,0,0055e000002OgRuAAK,1,Accessories,Cables,22240,22240
1,0015e000005ELZ9AAO,Fleming710 Inc,Word of mouth,Customer,500000,1457.0,263500,Taiwan,,2019-05-06T17:23:31.000Z,,-1207,-1207,900,2021-05-02,Utilities,0,0055e000002OgRgAAK,1,Digital Media,Certifications,263500,263500
1,0015e000005ELZBAA4,Grant712 Inc,Employee Referral,Customer,500000,1552.0,987000,Japan,,2019-05-06T17:23:31.000Z,,-1302,-1302,900,2021-08-05,Insurance,0,0055e000002OgRkAAK,1,Laptops,Pro laptop,987000,987000
1,0015e000005ELZCAA4,Hernandez713 Inc,Advertisement,Customer,500000,1216.0,1418640,India,,2019-05-06T17:23:31.000Z,,-966,-966,900,2020-09-03,Banking,0,0055e000002OgRpAAK,1,Tablets,Light tablet 2,1373600,1418640
2,0015e000005ELZEAA4,Bradley715 Inc,Public Relations,Customer,500000,1399.5,331848,USA,ME,2019-05-06T17:23:31.000Z,,-1080,-1219,900,2020-12-26,Insurance,0,0055e000002OgRmAAK,1,Digital Media,Certifications,112000,663696
2,0015e000005ELZHAA4,Vega718 Inc,Web,Customer,500000,1539.5,1336000,USA,CO,2019-05-06T17:23:31.000Z,,-1267,-1312,900,2021-07-01,Energy,0,0055e000002OgRnAAK,1,Laptops,Light laptop,2135000,2672000
2,0015e000005ELZIAA4,Chambers869 Inc,Word of mouth,Customer,500000,1477.5,1623780,Brazil,,2019-05-06T17:23:31.000Z,,-1060,-1395,900,2020-12-06,Engineering,0,0055e000002OgReAAK,1,Laptops,Mega laptop,2339200,3247560
1,0015e000005ELZNAA4,Erickson874 Inc,Employee Referral,Customer,500000,1558.0,218798,USA,OK,2019-05-06T17:23:31.000Z,,-1308,-1308,900,2021-08-11,Media,0,0055e000002OgRfAAK,0,,,0,218798
1,0015e000005ELZLAA4,Owen872 Inc,Partner,Customer,500000,1324.0,1438500,Sweden,,2019-05-06T17:23:31.000Z,,-1074,-1074,900,2020-12-20,Engineering,0,0055e000002OgRmAAK,1,Tablets,Mini tablet,756800,1438500
2,0015e000005ELZQAA4,Norton877 Inc,Partner,Customer,500000,1406.0,93940,Canada,OK,2019-05-06T17:23:31.000Z,,-1153,-1159,900,2021-03-09,Consulting,0,0055e000002OgRtAAK,1,Digital Media,Courses,182000,187880
1,0015e000005ELZRAA4,Barber878 Inc,Advertisement,Partner,500000,1275.0,3072000,USA,MI,2019-05-06T17:23:31.000Z,,-1025,-1025,900,2020-11-01,Consulting,0,0055e000002OgRpAAK,1,Laptops,Mega laptop,3072000,3072000
2,0015e000005ELZWAA4,Goodman883 Inc,Word of mouth,Partner,500000,1311.5,1765150,Italy,,2019-05-06T17:23:31.000Z,,-1022,-1101,900,2020-10-29,Energy,0,0055e000002OgRmAAK,1,Laptops,Mega laptop,2393600,3530300
1,0015e000005ELZXAA4,Stevenson884 Inc,Partner,Customer,500000,1603.0,94283,Sweden,,2019-05-06T17:23:31.000Z,,-1353,-1353,900,2021-09-25,Education,0,0055e000002OgRfAAK,0,,,0,94283
1,0015e000005ELZaAAO,McKenzie887 Inc,Seminar - Internal,Customer,500000,1422.0,1134385,Canada,OR,2019-05-06T17:23:31.000Z,,-1172,-1172,900,2021-03-28,Media,0,0055e000002OgRkAAK,1,Tablets,Light tablet 2,869550,1134385
1,0015e000005ELZcAAO,Carr889 Inc,Web,Customer,500000,1429.0,5294610,Canada,IN,2019-05-06T17:23:31.000Z,,-1179,-1179,900,2021-04-04,Communications,0,0055e000002OgRnAAK,1,Laptops,Pro laptop,2133600,5294610
1,0015e000005ELZgAAO,Bailey893 Inc,Employee Referral,Customer,500000,1443.0,24536,Canada,ID,2019-05-06T17:23:31.000Z,,-1193,-1193,900,2021-04-18,Electronics,0,0055e000002OgRhAAK,0,,,0,24536
1,0015e000005ELZkAAO,Parks99 Inc,Employee Referral,Partner,500000,1251.0,240747,USA,HI,2019-05-06T17:23:31.000Z,,-1001,-1001,900,2020-10-08,Manufacturing,0,0055e000002OgRhAAK,0,,,0,240747
1,0015e000005ELZsAAO,Hines107 Inc,Word of mouth,Customer,500000,1325.0,913240,USA,MN,2019-05-06T17:23:31.000Z,,-1075,-1075,900,2020-12-21,Energy,0,0055e000002OgRdAAK,1,Phones,Space phone 3,851000,913240
1,0015e000005ELa2AAG,Cook117 Inc,Public Relations,Customer,500000,1483.0,681410,Thailand,,2019-05-06T17:23:31.000Z,,-1233,-1233,900,2021-05-28,Energy,0,0055e000002OgRkAAK,1,Tablets,Light tablet,654600,681410
1,0015e000005ELZzAAO,Ramsey114 Inc,Word of mouth,Customer,500000,1353.0,805000,Canada,WA,2019-05-06T17:23:31.000Z,,-1103,-1103,900,2021-01-18,Manufacturing,0,0055e000002OgRqAAK,1,Laptops,Light laptop,805000,805000
1,0015e000005ELa3AAG,Webster118 Inc,Employee Referral,Partner,500000,1432.0,130515,Canada,DE,2019-05-06T17:23:31.000Z,,-1182,-1182,900,2021-04-07,Engineering,0,0055e000002OgRhAAK,1,Digital Media,Books,102840,130515
1,0015e000005ELaEAAW,Myers320 Inc,Employee Referral,Partner,500000,1554.0,79480,Japan,,2019-05-06T17:23:31.000Z,,-1304,-1304,900,2021-08-07,Agriculture,0,0055e000002OgRgAAK,1,Accessories,Cables,77680,79480
3,0015e000005ELaGAAW,Fowler322 Inc,Public Relations,Partner,500000,1613.0,459113,Canada,ND,2019-05-06T17:23:31.000Z,,-1344,-1392,900,2021-09-16,Apparel,0,0055e000002OgRgAAK,1,Laptops,Mega laptop,667200,1377340
1,0015e000005ELaIAAW,Cortez324 Inc,Web,Partner,500000,1501.0,21640,Germany,,2019-05-06T17:23:31.000Z,,-1251,-1251,900,2021-06-15,Utilities,0,0055e000002OgRfAAK,1,Accessories,Cables,21640,21640
1,0015e000005ELaQAAW,Hicks332 Inc,Partner,Customer,500000,1448.0,459280,China,,2019-05-06T17:23:31.000Z,,-1198,-1198,900,2021-04-23,Energy,0,0055e000002OgRqAAK,0,,,0,459280
1,0015e000005ELaPAAW,Hill331 Inc,Employee Referral,Customer,500000,1445.0,457656,USA,IN,2019-05-06T17:23:31.000Z,,-1195,-1195,900,2021-04-20,Apparel,0,0055e000002OgRdAAK,0,,,0,457656
1,0015e000005ELaRAAW,Rowe333 Inc,Public Relations,Customer,500000,1517.0,1224345,Canada,SD,2019-05-06T17:23:31.000Z,,-1267,-1267,900,2021-07-01,Communications,0,0055e000002OgRdAAK,1,Phones,Space phone 3,612000,1224345
1,0015e000005ELaTAAW,Adams335 Inc,Employee Referral,Customer,500000,1407.0,466893,Hong Kong,,2019-05-06T17:23:31.000Z,,-1157,-1157,900,2021-03-13,Electronics,0,0055e000002OgRuAAK,0,,,0,466893
1,0015e000005ELaYAAW,Morton537 Inc,Employee Referral,Customer,500000,1262.0,786875,Canada,LA,2019-05-06T17:23:31.000Z,,-1012,-1012,900,2020-10-19,Transportation,0,0055e000002OgRlAAK,1,Tablets,Mini tablet 2,662000,786875
1,0015e000005ELacAAG,Morris541 Inc,Employee Referral,Partner,500000,1442.0,193757,USA,RI,2019-05-06T17:23:31.000Z,,-1192,-1192,900,2021-04-17,Technology,0,0055e000002OgRnAAK,0,,,0,193757
2,0015e000005ELaeAAG,Barnett543 Inc,Employee Referral,Partner,500000,1453.0,1132585,Hong Kong,,2019-05-06T17:23:31.000Z,,-1040,-1366,900,2020-11-16,Consulting,0,0055e000002OgRgAAK,1,Tablets,Light tablet 2,2149650,2265170
2,0015e000005ELajAAG,Torres548 Inc,Public Relations,Customer,500000,1419.0,2053683,Spain,,2019-05-06T17:23:31.000Z,,-1027,-1311,900,2020-11-03,Biotechnology,0,0055e000002OgRkAAK,1,Laptops,Pro laptop,1682800,4107365
1,0015e000005ELamAAG,Owens551 Inc,Web,Partner,500000,1235.0,73903,Japan,,2019-05-06T17:23:31.000Z,,-985,-985,900,2020-09-22,Consulting,0,0055e000002OgRdAAK,0,,,0,73903
1,0015e000005ELasAAG,Clayton557 Inc,Word of mouth,Partner,700000,1475.0,2684465,Australia,,2019-05-06T17:23:31.000Z,,-1225,-1225,400,2021-05-20,Apparel,0,0055e000002OgRuAAK,1,Laptops,Notebook,1669800,2684465
3,0015e000005ELayAAG,Wade723 Inc,Trade Show,Customer,700000,1512.67,1318953,Canada,IL,2019-05-06T17:23:31.000Z,,-1208,-1359,400,2021-05-03,Banking,0,0055e000002OgRdAAK,1,Laptops,Pro laptop,2632000,3956860
1,0015e000005ELazAAG,Munoz724 Inc,Employee Referral,Customer,700000,1284.0,88200,India,,2019-05-06T17:23:31.000Z,,-1034,-1034,400,2020-11-10,Agriculture,0,0055e000002OgRgAAK,1,Digital Media,Books,88200,88200
1,0015e000005ELb4AAG,Jensen729 Inc,Advertisement,Partner,700000,1566.0,2745600,Canada,KY,2019-05-06T17:23:31.000Z,,-1316,-1316,400,2021-08-19,Consulting,0,0055e000002OgRgAAK,1,Laptops,Mega laptop,2713600,2745600
1,0015e000005ELb5AAG,Joseph730 Inc,Trade Show,Customer,700000,1448.0,316254,Canada,ME,2019-05-06T17:23:31.000Z,,-1198,-1198,400,2021-04-23,Energy,0,0055e000002OgRrAAK,0,,,0,316254
1,0015e000005ELbDAAW,Ferguson738 Inc,Employee Referral,Partner,700000,1548.0,363901,Japan,,2019-05-06T17:23:31.000Z,,-1298,-1298,400,2021-08-01,Technology,0,0055e000002OgRlAAK,0,,,0,363901
1,0015e000005ELbIAAW,Mitchell743 Inc,Advertisement,Customer,700000,1558.0,197075,Canada,LA,2019-05-06T17:23:31.000Z,,-1308,-1308,400,2021-08-11,Energy,0,0055e000002OgReAAK,1,Phones,Space phone 2,141075,197075
1,0015e000005ELbSAAW,Elliott903 Inc,Partner,Customer,700000,1570.0,399300,Belgium,,2019-05-06T17:23:31.000Z,,-1320,-1320,400,2021-08-23,Media,0,0055e000002OgRrAAK,1,Tablets,Mini tablet 2,334000,399300
1,0015e000005ELbUAAW,Park905 Inc,Trade Show,Customer,700000,1230.0,749210,Japan,,2019-05-06T17:23:31.000Z,,-980,-980,400,2020-09-17,Technology,0,0055e000002OgRiAAK,1,Tablets,Mini tablet 2,720500,749210
1,0015e000005ELbWAAW,Adkins907 Inc,Trade Show,Customer,700000,1355.0,309938,USA,HI,2019-05-06T17:23:31.000Z,,-1105,-1105,400,2021-01-20,Transportation,0,0055e000002OgRmAAK,0,,,0,309938
1,0015e000005ELbaAAG,Ferguson911 Inc,Word of mouth,Customer,700000,1354.0,9000,Normway,,2019-05-06T17:23:31.000Z,,-1104,-1104,400,2021-01-19,Technology,0,0055e000002OgRtAAK,1,Phones,Space phone 2,9000,9000
1,0015e000005ELbYAAW,Carson909 Inc,Trade Show,Customer,700000,1504.0,2276590,Canada,PA,2019-05-06T17:23:31.000Z,,-1254,-1254,400,2021-06-18,Technology,0,0055e000002OgRpAAK,1,Laptops,Light laptop,2121250,2276590
2,0015e000005ELbbAAG,Robinson912 Inc,Web,Customer,700000,1430.0,249802,Canada,KY,2019-05-06T17:23:31.000Z,,-1015,-1345,400,2020-10-22,Biotechnology,0,0055e000002OgRuAAK,1,Tablets,Mini tablet 2,426000,499603
1,0015e000005ELbeAAG,Dixon915 Inc,Trade Show,Customer,700000,1469.0,2008900,Denmark,,2019-05-06T17:23:31.000Z,,-1219,-1219,400,2021-05-14,Biotechnology,0,0055e000002OgRtAAK,1,Laptops,Notebook,1549900,2008900
1,0015e000005ELbuAAG,Bowman347 Inc,Employee Referral,Customer,700000,1540.0,17621,USA,SC,2019-05-06T17:23:31.000Z,,-1290,-1290,400,2021-07-24,Education,0,0055e000002OgRsAAK,0,,,0,17621
1,0015e000005ELbsAAG,Armstrong345 Inc,Employee Referral,Customer,700000,1419.0,316726,Denmark,,2019-05-06T17:23:31.000Z,,-1169,-1169,400,2021-03-25,Technology,0,0055e000002OgRdAAK,0,,,0,316726
2,0015e000005ELbwAAG,Webster349 Inc,Partner,Customer,700000,1432.0,969800,USA,IL,2019-05-06T17:23:31.000Z,,-1078,-1286,400,2020-12-24,Manufacturing,0,0055e000002OgRdAAK,1,Digital Media,Certifications,812000,1939600
1,0015e000005ELc5AAG,Abbott358 Inc,Partner,Customer,700000,1643.0,98850,USA,AR,2019-05-06T17:23:31.000Z,,-1393,-1393,400,2021-11-04,Media,0,0055e000002OgRtAAK,1,Accessories,Cables,56080,98850
1,0015e000005ELcAAAW,Ross559 Inc,Employee Referral,Partner,700000,1235.0,165920,Canada,NH,2019-05-06T17:23:31.000Z,,-985,-985,400,2020-09-22,Energy,0,0055e000002OgRjAAK,1,Phones,Space phone 3,140000,165920
1,0015e000005ELc8AAG,Joseph361 Inc,Web,Partner,700000,1443.0,1879190,Switzerland,,2019-05-06T17:23:31.000Z,,-1193,-1193,400,2021-04-18,Manufacturing,0,0055e000002OgRtAAK,1,Tablets,Light tablet 2,1492600,1879190
1,0015e000005ELcMAAW,Freeman571 Inc,Web,Customer,700000,1307.0,736250,Canada,OK,2019-05-06T17:23:31.000Z,,-1057,-1057,400,2020-12-03,Education,0,0055e000002OgRgAAK,1,Laptops,Light laptop,736250,736250
2,0015e000005ELcVAAW,Griffith580 Inc,Trade Show,Partner,700000,1495.0,1047176,USA,TX,2019-05-06T17:23:31.000Z,,-1196,-1294,400,2021-04-21,Transportation,0,0055e000002OgRfAAK,1,Tablets,Light tablet 2,739500,2094351
1,0015e000005ELccAAG,Freeman751 Inc,Partner,Customer,2000000,1447.0,1578500,Germany,,2019-05-06T17:23:31.000Z,,-1197,-1197,1100,2021-04-22,Retail,0,0055e000002OgRhAAK,1,Laptops,Notebook,1444300,1578500
1,0015e000005ELcdAAG,Rivera752 Inc,Trade Show,Customer,2000000,1505.0,138690,USA,GA,2019-05-06T17:23:31.000Z,,-1255,-1255,1100,2021-06-19,Banking,0,0055e000002OgRrAAK,1,Accessories,Keyboard,138690,138690
1,0015e000005ELcfAAG,Gill754 Inc,Employee Referral,Partner,2000000,1526.0,229470,Mexico,,2019-05-06T17:23:31.000Z,,-1276,-1276,1100,2021-07-10,Energy,0,0055e000002OgRfAAK,1,Accessories,Keyboard,115830,229470
2,0015e000005ELcgAAG,Becker755 Inc,Web,Partner,2000000,1269.0,864940,Japan,,2019-05-06T17:23:31.000Z,,-968,-1070,1100,2020-09-05,Biotechnology,0,0055e000002OgRkAAK,1,Phones,Space phone 3,1200000,1729880
2,0015e000005ELcoAAG,Brewer763 Inc,Trade Show,Customer,2000000,1401.5,201448,India,,2019-05-06T17:23:31.000Z,,-948,-1355,1100,2020-08-16,Electronics,0,0055e000002OgRmAAK,1,Accessories,Cables,49760,402896
3,0015e000005ELcpAAG,Sharp764 Inc,Employee Referral,Customer,2000000,1488.67,1170328,Canada,MS,2019-05-06T17:23:31.000Z,,-1079,-1326,1100,2020-12-25,Technology,0,0055e000002OgRtAAK,1,Laptops,Mega laptop,1798400,3510985
1,0015e000005ELcwAAG,Lawson921 Inc,Word of mouth,Customer,2000000,1527.0,2632925,Normway,,2019-05-06T17:23:31.000Z,,-1277,-1277,1100,2021-07-11,Engineering,0,0055e000002OgRqAAK,1,Laptops,Mega laptop,1588800,2632925
2,0015e000005ELctAAG,Rodriguez768 Inc,Web,Customer,2000000,1361.5,593200,Japan,,2019-05-06T17:23:31.000Z,,-1094,-1129,1100,2021-01-09,Manufacturing,0,0055e000002OgRiAAK,1,Phones,Space phone 3,605000,1186400
1,0015e000005ELcuAAG,Wilkerson769 Inc,Employee Referral,Customer,2000000,1439.0,274656,Japan,,2019-05-06T17:23:31.000Z,,-1189,-1189,1100,2021-04-14,Insurance,0,0055e000002OgRmAAK,0,,,0,274656
1,0015e000005ELcxAAG,Bennett922 Inc,Advertisement,Customer,2000000,1549.0,412385,Italy,,2019-05-06T17:23:31.000Z,,-1299,-1299,1100,2021-08-02,Retail,0,0055e000002OgRiAAK,1,Laptops,Light laptop,201250,412385
1,0015e000005ELd3AAG,Collins928 Inc,Advertisement,Customer,2000000,1232.0,89320,Singapore,,2019-05-06T17:23:31.000Z,,-982,-982,1100,2020-09-19,Apparel,0,0055e000002OgRnAAK,1,Accessories,Cables,89320,89320
1,0015e000005ELd9AAG,Brewer934 Inc,Partner,Customer,2000000,1364.0,874780,Brazil,,2019-05-06T17:23:31.000Z,,-1114,-1114,1100,2021-01-29,Insurance,0,0055e000002OgReAAK,1,Phones,Space phone 3,644500,874780
1,0015e000005ELdBAAW,Mendoza936 Inc,Trade Show,Customer,2000000,1290.0,638750,China,,2019-05-06T17:23:31.000Z,,-1040,-1040,1100,2020-11-16,Telecommunications,0,0055e000002OgRdAAK,1,Laptops,Light laptop,638750,638750
1,0015e000005ELdCAAW,Glover937 Inc,Employee Referral,Customer,2000000,1483.0,1193160,USA,AZ,2019-05-06T17:23:31.000Z,,-1233,-1233,1100,2021-05-28,Agriculture,0,0055e000002OgRhAAK,1,Laptops,Pro laptop,1190000,1193160
1,0015e000005ELdJAAW,Holloway944 Inc,Web,Customer,2000000,1399.0,2208300,Singapore,,2019-05-06T17:23:31.000Z,,-1149,-1149,1100,2021-03-05,Insurance,0,0055e000002OgRlAAK,1,Laptops,Pro laptop,1451800,2208300